{
    "insertions": [
        [
            1.6102163307709878,
            1.628789097033425,
            0.9657907623121706,
            0.37755913041028955
        ],
        [
            2.171656453247961,
            2.22634425054719,
            1.504013181190624,
            0.5691172243027791
        ],
        [
            3.6252361949024623,
            3.197415315700141,
            2.5534878810030857,
            0.8216737979251764
        ],
        [
            0.3405203397933608,
            0.17814992473201166,
            0.02106145283952472,
            0.0005563464630616409
        ],
        [
            0.4608701606744601,
            0.11821876748679626,
            0.011670979363530712,
            0.00031085123917303653
        ],
        [
            0.7051760234097914,
            0.19796274144594606,
            0.04852877468395193,
            0.0015899695137941016
        ]
    ],
    "pml": 4,
    "radii": [
        50,
        100,
        200,
        500
    ],
    "resolution": 2,
    "waveguides_n_eff": [
        0.8,
        1.0,
        1.1,
        0.5,
        0.6,
        0.75
    ],
    "waveguides_thickness": [
        1.5842,
        1.5842,
        1.5842,
        1.7952,
        1.7952,
        1.7952
    ],
    "waveguides_width": [
        0.2,
        0.2,
        0.2,
        0.5,
        0.5,
        0.5
    ],
    "wavelength": 1.55
}