{
    "insertions": [
        [
            0.997954877592498,
            0.9876628467172333,
            0.7849984934941742
        ],
        [
            0.9975990374075085,
            0.993330898314794,
            0.9258646290097083
        ],
        [
            0.9965002955728437,
            0.9929668932559995,
            0.9503038867350346
        ],
        [
            0.9975108867890948,
            1.001649569025162,
            1.000179754934995
        ],
        [
            0.991856056611063,
            1.0003733167590527,
            1.0016103739378779
        ],
        [
            0.9931597314376014,
            0.9982743617840055,
            0.9981003560535311
        ]
    ],
    "pml": 4,
    "radii": [
        200,
        100,
        50
    ],
    "resolution": 10,
    "waveguides_n_eff": [
        0.8,
        1.0,
        1.1,
        0.5,
        0.6,
        0.75
    ],
    "waveguides_thickness": [
        1.5842,
        1.5842,
        1.5842,
        1.7952,
        1.7952,
        1.7952
    ],
    "waveguides_width": [
        0.2,
        0.2,
        0.2,
        0.5,
        0.5,
        0.5
    ],
    "wavelength": 1.55
}